0,1,2,3
business insider,sabina wex,ai sensors and wifi networks that provide workplace insights are antidotes for some companies combating 'zombie offices',2023-09-28T19:55:01Z
politico,jeremy b white,why a quick feinstein replacement is in newsoms best interest,2023-09-29T19:34:46Z
politico,blake jones,feinsteins friends and colleagues in california mourn ‘true giant,2023-09-29T19:59:09Z
planetizencom,diana ionescu,post-pandemic travel patterns call for different transit schedules,2023-09-21T17:00:00Z
cleantechnica,nrdc,new transit service funding in california — how states can find more,2023-09-29T15:25:41Z
securityaffairscom,pierluigi paganini,san franciscos transport agency metropolitan transportation commission (mtc) exposes drivers plate numbers and addresses,2023-10-03T18:19:31Z
researchbuzzme,researchbuzz,"bay area rapid transit, h-3 freeway controversy, microsoft lists, more: tuesday researchbuzz, october 3, 2023",2023-10-03T12:01:32Z
globenewswire,cityview,cityview and stockbridge commence construction on 265-unit multifamily development in los angeles south bay,2023-09-14T15:00:00Z
los angeles times,erika d smith,"column: a black woman to temporarily fill dianne feinstein's seat? don't count on it, newsom",2023-09-30T20:56:17Z
counterpunch,fred gardner,another side of difi,2023-10-06T05:55:14Z
wealthofgeekscom,creshonda smith,hike right from the city: 24 us metros with nearby trails,2023-09-25T13:00:02Z
boardingareacom,grant,get to the sonoma county / santa rosa airport (sts) with smart train + connect ($9 / person) or with groome ($20 / person),2023-09-15T19:03:04Z
thefreedictionarycom,,joshua a norton declares himself emperor of the us (1859),2023-09-17T04:25:26Z
freerepubliccom,wall street journal,watching the real-estate bust from the streets of san francisco,2023-09-24T14:01:45Z
prnewswire,,"luis porrello, john fisher bolster wsp's west leadership team",2023-09-21T20:45:00Z
kqed,carlos cabrera-lomelí,"peso pluma in san josé: from parking to bag policy, what to know before heading to sap center",2023-10-10T11:00:39Z
fox news,joe schoffstall,congressional progressive caucus pac backs candidate who signed 'black new deal' demanding reparations,2023-09-22T09:00:31Z
kqed,nisa khan,"hardly strictly 2023: the schedule, parking, maps and what you can bring",2023-09-26T11:00:27Z
kpbs,"matt hoffman, andrew bracken",influx of asylum-seekers puts strain on border and immigration system,2023-09-22T21:42:16Z
futura,"daniel ichbiah, journaliste",comment utiliser chatgpt : 10 prompts incroyables,2023-09-13T10:30:05Z
billboard,cathy applefeld olson,top music business schools: billboards 2023 list,2023-10-10T15:02:44Z
